{"cameraMode":{"drawMode":0,"name":"Shaded","section":"Shading Mode"},"sceneLighting":false,"audioPlay":false,"sceneViewState":{"showFog":true,"showMaterialUpdate":false,"showSkybox":false,"showFlares":true,"showImageEffects":true,"showParticleSystems":true},"in2DMode":false,"pivot":{"x":50.87000274658203,"y":0.0800018310546875,"z":-0.9100000262260437},"rotation":{"x":0.3293302357196808,"y":0.04557739198207855,"z":-0.015918349847197534,"w":0.9429842829704285},"size":10.0,"orthographic":true}