{"cameraMode":{"drawMode":0,"name":"Shaded","section":"Shading Mode"},"sceneLighting":false,"audioPlay":false,"sceneViewState":{"showFog":true,"showMaterialUpdate":false,"showSkybox":false,"showFlares":true,"showImageEffects":true,"showParticleSystems":true},"in2DMode":false,"pivot":{"x":514.9990234375,"y":280.4438781738281,"z":-6.1422119140625},"rotation":{"x":0.03298070281744003,"y":0.028480755165219308,"z":-0.0009513290133327246,"w":0.9990671277046204},"size":350.5787353515625,"orthographic":false}