{"cameraMode":{"drawMode":0,"name":"Shaded","section":"Shading Mode"},"sceneLighting":false,"audioPlay":false,"sceneViewState":{"showFog":true,"showMaterialUpdate":false,"showSkybox":false,"showFlares":true,"showImageEffects":true,"showParticleSystems":true},"in2DMode":false,"pivot":{"x":-0.2823619842529297,"y":0.27990731596946719,"z":0.0},"rotation":{"x":0.14611484110355378,"y":0.06908830255270004,"z":-0.010232747532427311,"w":0.9868062138557434},"size":0.7306727170944214,"orthographic":true}