{"cameraMode":{"drawMode":0,"name":"Shaded","section":"Shading Mode"},"sceneLighting":true,"audioPlay":false,"sceneViewState":{"showFog":true,"showMaterialUpdate":false,"showSkybox":true,"showFlares":true,"showImageEffects":true,"showParticleSystems":true},"in2DMode":false,"pivot":{"x":18.60791015625,"y":8.827392578125,"z":-6.9580078125},"rotation":{"x":0.34352967143058779,"y":0.0936037003993988,"z":-0.034425221383571628,"w":0.9338467717170715},"size":74.49048614501953,"orthographic":true}