{"cameraMode":{"drawMode":0,"name":"Shaded","section":"Shading Mode"},"sceneLighting":false,"audioPlay":false,"sceneViewState":{"showFog":true,"showMaterialUpdate":false,"showSkybox":false,"showFlares":true,"showImageEffects":true,"showParticleSystems":true},"in2DMode":false,"pivot":{"x":-56.78759765625,"y":122.87255859375,"z":-115.90283203125},"rotation":{"x":0.3585025370121002,"y":0.20638832449913026,"z":-0.08159995079040528,"w":0.9067766666412354},"size":1.5738682746887208,"orthographic":true}