{"cameraMode":{"drawMode":0,"name":"Shaded","section":"Shading Mode"},"sceneLighting":false,"audioPlay":false,"sceneViewState":{"showFog":true,"showMaterialUpdate":false,"showSkybox":false,"showFlares":true,"showImageEffects":true,"showParticleSystems":true},"in2DMode":false,"pivot":{"x":507.56768798828127,"y":319.4769287109375,"z":-1.76171875},"rotation":{"x":0.07294623553752899,"y":-0.5819326639175415,"z":0.05250947177410126,"w":0.8082777857780457},"size":5.196152210235596,"orthographic":true}