{"cameraMode":{"drawMode":0,"name":"Shaded","section":"Shading Mode"},"sceneLighting":true,"audioPlay":false,"sceneViewState":{"showFog":true,"showMaterialUpdate":false,"showSkybox":true,"showFlares":true,"showImageEffects":true,"showParticleSystems":true},"in2DMode":false,"pivot":{"x":0.8948974609375,"y":0.874267578125,"z":-0.59283447265625},"rotation":{"x":0.2193484753370285,"y":-0.48608124256134035,"z":0.12747663259506226,"w":0.8362981081008911},"size":3.0344226360321047,"orthographic":true}