{"cameraMode":{"drawMode":0,"name":"Shaded","section":"Shading Mode"},"sceneLighting":false,"audioPlay":false,"sceneViewState":{"showFog":true,"showMaterialUpdate":false,"showSkybox":false,"showFlares":true,"showImageEffects":true,"showParticleSystems":true},"in2DMode":false,"pivot":{"x":-6.353089332580566,"y":-3.790177822113037,"z":3.168757915496826},"rotation":{"x":0.2198219746351242,"y":-0.47119802236557009,"z":0.12252682447433472,"w":0.8453637957572937},"size":5.809708595275879,"orthographic":false}