{"cameraMode":{"drawMode":0,"name":"Shaded","section":"Shading Mode"},"sceneLighting":false,"audioPlay":false,"sceneViewState":{"showFog":true,"showMaterialUpdate":false,"showSkybox":false,"showFlares":true,"showImageEffects":true,"showParticleSystems":true},"in2DMode":false,"pivot":{"x":0.02170562744140625,"y":1.016164779663086,"z":-0.09361982345581055},"rotation":{"x":-0.07793587446212769,"y":-0.9123047590255737,"z":0.2059258371591568,"w":-0.34527602791786196},"size":3.474729537963867,"orthographic":true}