{"cameraMode":{"drawMode":0,"name":"Shaded","section":"Shading Mode"},"sceneLighting":false,"audioPlay":false,"sceneViewState":{"showFog":true,"showMaterialUpdate":false,"showSkybox":false,"showFlares":true,"showImageEffects":true,"showParticleSystems":true},"in2DMode":false,"pivot":{"x":-0.7430557012557983,"y":0.22780054807662965,"z":-0.8003125190734863},"rotation":{"x":0.2198219746351242,"y":-0.47119802236557009,"z":0.12252682447433472,"w":0.8453637957572937},"size":0.9402859807014465,"orthographic":false}