{"cameraMode":{"drawMode":0,"name":"Shaded","section":"Shading Mode"},"sceneLighting":false,"audioPlay":false,"sceneViewState":{"showFog":true,"showMaterialUpdate":false,"showSkybox":false,"showFlares":true,"showImageEffects":true,"showParticleSystems":true},"in2DMode":false,"pivot":{"x":-0.11493873596191406,"y":0.04808807373046875,"z":-0.04052734375},"rotation":{"x":0.014999319799244404,"y":0.0038978755474090578,"z":-0.00005846660860697739,"w":0.9998782873153687},"size":2.4200870990753176,"orthographic":false}