{"cameraMode":{"drawMode":0,"name":"Shaded","section":"Shading Mode"},"sceneLighting":true,"audioPlay":false,"sceneViewState":{"showFog":true,"showMaterialUpdate":false,"showSkybox":true,"showFlares":true,"showImageEffects":true,"showParticleSystems":true},"in2DMode":false,"pivot":{"x":568.5847778320313,"y":299.8017883300781,"z":27.86739158630371},"rotation":{"x":0.025483954697847368,"y":-0.03298407047986984,"z":0.0008307106327265501,"w":0.9991477727890015},"size":337.9237060546875,"orthographic":true}