{"cameraMode":{"drawMode":0,"name":"Shaded","section":"Shading Mode"},"sceneLighting":true,"audioPlay":false,"sceneViewState":{"showFog":true,"showMaterialUpdate":false,"showSkybox":true,"showFlares":true,"showImageEffects":true,"showParticleSystems":true},"in2DMode":false,"pivot":{"x":130.387451171875,"y":46.2353515625,"z":-4.822265625},"rotation":{"x":0.23992609977722169,"y":-0.1661970168352127,"z":0.04172765091061592,"w":0.9555539488792419},"size":12.778288841247559,"orthographic":true}