{"cameraMode":{"drawMode":0,"name":"Shaded","section":"Shading Mode"},"sceneLighting":true,"audioPlay":false,"sceneViewState":{"showFog":true,"showMaterialUpdate":false,"showSkybox":true,"showFlares":true,"showImageEffects":true,"showParticleSystems":true},"in2DMode":false,"pivot":{"x":-0.1942528635263443,"y":0.40075331926345827,"z":-0.067626953125},"rotation":{"x":0.12451834231615067,"y":0.20094431936740876,"z":-0.02576008252799511,"w":0.9713168740272522},"size":0.8604217767715454,"orthographic":true}