{"cameraMode":{"drawMode":0,"name":"Shaded","section":"Shading Mode"},"sceneLighting":true,"audioPlay":false,"sceneViewState":{"showFog":true,"showMaterialUpdate":false,"showSkybox":true,"showFlares":true,"showImageEffects":true,"showParticleSystems":true},"in2DMode":false,"pivot":{"x":80.61797332763672,"y":-1.9296358823776246,"z":27.80340576171875},"rotation":{"x":0.18765123188495637,"y":0.4880506098270416,"z":-0.10831958055496216,"w":0.8455213308334351},"size":79.4703140258789,"orthographic":false}