{"cameraMode":{"drawMode":0,"name":"Shaded","section":"Shading Mode"},"sceneLighting":true,"audioPlay":false,"sceneViewState":{"showFog":true,"showMaterialUpdate":false,"showSkybox":true,"showFlares":true,"showImageEffects":true,"showParticleSystems":true},"in2DMode":false,"pivot":{"x":18.60791015625,"y":8.827392578125,"z":-6.9580078125},"rotation":{"x":0.3444424569606781,"y":0.06414449959993363,"z":-0.02359207347035408,"w":0.9363294839859009},"size":24.232019424438478,"orthographic":true}