{"cameraMode":{"drawMode":1,"name":"Wireframe","section":"Shading Mode"},"sceneLighting":false,"audioPlay":false,"sceneViewState":{"showFog":true,"showMaterialUpdate":false,"showSkybox":false,"showFlares":true,"showImageEffects":true,"showParticleSystems":true},"in2DMode":false,"pivot":{"x":0.0595245361328125,"y":0.15949249267578126,"z":-0.060791015625},"rotation":{"x":0.04341936111450195,"y":0.0554189458489418,"z":-0.0024125694762915375,"w":0.9975182414054871},"size":0.6307762861251831,"orthographic":true}