{"cameraMode":{"drawMode":0,"name":"Shaded","section":"Shading Mode"},"sceneLighting":false,"audioPlay":false,"sceneViewState":{"showFog":true,"showMaterialUpdate":false,"showSkybox":false,"showFlares":true,"showImageEffects":true,"showParticleSystems":true},"in2DMode":false,"pivot":{"x":-114.00396728515625,"y":115.62078857421875,"z":-104.67230224609375},"rotation":{"x":0.2888253629207611,"y":0.3819863498210907,"z":-0.1270117312669754,"w":0.8686512112617493},"size":19.703828811645509,"orthographic":true}