{"cameraMode":{"drawMode":0,"name":"Shaded","section":"Shading Mode"},"sceneLighting":false,"audioPlay":false,"sceneViewState":{"showFog":true,"showMaterialUpdate":false,"showSkybox":false,"showFlares":true,"showImageEffects":true,"showParticleSystems":true},"in2DMode":false,"pivot":{"x":-2.80364990234375,"y":1.26611328125,"z":0.5439453125},"rotation":{"x":0.14182305335998536,"y":-0.05194452032446861,"z":0.0074524725787341599,"w":0.988504946231842},"size":14.273706436157227,"orthographic":true}