{"cameraMode":{"drawMode":0,"name":"Shaded","section":"Shading Mode"},"sceneLighting":false,"audioPlay":false,"sceneViewState":{"showFog":true,"showMaterialUpdate":false,"showSkybox":false,"showFlares":true,"showImageEffects":true,"showParticleSystems":true},"in2DMode":false,"pivot":{"x":0.0574493408203125,"y":0.15949249267578126,"z":-0.060546875},"rotation":{"x":0.043774448335170749,"y":0.2301781177520752,"z":-0.010365262627601624,"w":0.9721112847328186},"size":1.328128457069397,"orthographic":true}