{"cameraMode":{"drawMode":0,"name":"Shaded","section":"Shading Mode"},"sceneLighting":false,"audioPlay":false,"sceneViewState":{"showFog":true,"showMaterialUpdate":false,"showSkybox":false,"showFlares":true,"showImageEffects":true,"showParticleSystems":true},"in2DMode":false,"pivot":{"x":590.8018798828125,"y":121.79829406738281,"z":52.972259521484378},"rotation":{"x":0.19082394242286683,"y":-0.001472620526328683,"z":0.00028734406805597246,"w":0.9816321134567261},"size":486.817626953125,"orthographic":false}