{"cameraMode":{"drawMode":0,"name":"Shaded","section":"Shading Mode"},"sceneLighting":false,"audioPlay":false,"sceneViewState":{"showFog":true,"showMaterialUpdate":false,"showSkybox":false,"showFlares":true,"showImageEffects":true,"showParticleSystems":true},"in2DMode":false,"pivot":{"x":-0.2704887092113495,"y":0.19589567184448243,"z":-1.3053550720214844},"rotation":{"x":0.05500270426273346,"y":-0.8420519232749939,"z":0.0874592736363411,"w":0.5294442772865295},"size":30.490339279174806,"orthographic":false}