{"cameraMode":{"drawMode":0,"name":"Shaded","section":"Shading Mode"},"sceneLighting":true,"audioPlay":false,"sceneViewState":{"showFog":true,"showMaterialUpdate":false,"showSkybox":true,"showFlares":true,"showImageEffects":true,"showParticleSystems":true},"in2DMode":false,"pivot":{"x":507.4772644042969,"y":322.3618469238281,"z":-2.2400732040405275},"rotation":{"x":0.0704696848988533,"y":0.6977231502532959,"z":-0.06930627673864365,"w":0.709542989730835},"size":8.798357963562012,"orthographic":false}