{"cameraMode":{"drawMode":0,"name":"Shaded","section":"Shading Mode"},"sceneLighting":true,"audioPlay":false,"sceneViewState":{"showFog":true,"showMaterialUpdate":false,"showSkybox":true,"showFlares":true,"showImageEffects":true,"showParticleSystems":true},"in2DMode":false,"pivot":{"x":472.631103515625,"y":-380.46636962890627,"z":622.0390625},"rotation":{"x":0.23284819722175599,"y":0.1953568160533905,"z":-0.04780876263976097,"w":0.9515063166618347},"size":659.3060913085938,"orthographic":false}