{"cameraMode":{"drawMode":0,"name":"Shaded","section":"Shading Mode"},"sceneLighting":false,"audioPlay":false,"sceneViewState":{"showFog":true,"showMaterialUpdate":false,"showSkybox":false,"showFlares":true,"showImageEffects":true,"showParticleSystems":true},"in2DMode":false,"pivot":{"x":507.42041015625,"y":320.18048095703127,"z":-1.08251953125},"rotation":{"x":0.002943942788988352,"y":-0.9839423894882202,"z":0.0162345003336668,"w":0.1778242141008377},"size":2.4459831714630129,"orthographic":true}