{"cameraMode":{"drawMode":0,"name":"Shaded","section":"Shading Mode"},"sceneLighting":true,"audioPlay":false,"sceneViewState":{"showFog":true,"showMaterialUpdate":false,"showSkybox":true,"showFlares":true,"showImageEffects":true,"showParticleSystems":true},"in2DMode":false,"pivot":{"x":109.53254699707031,"y":34.52911376953125,"z":-87.959716796875},"rotation":{"x":-0.35087621212005618,"y":-0.26250189542770388,"z":0.10313647240400315,"w":-0.8929710388183594},"size":66.67414093017578,"orthographic":true}