{"cameraMode":{"drawMode":0,"name":"Shaded","section":"Shading Mode"},"sceneLighting":false,"audioPlay":false,"sceneViewState":{"showFog":true,"showMaterialUpdate":false,"showSkybox":false,"showFlares":true,"showImageEffects":true,"showParticleSystems":true},"in2DMode":false,"pivot":{"x":0.157470703125,"y":-0.8078041076660156,"z":-0.38973236083984377},"rotation":{"x":0.012115943245589733,"y":-0.6777987480163574,"z":-0.01119957398623228,"w":-0.7350786328315735},"size":2.4410712718963625,"orthographic":true}