{"cameraMode":{"drawMode":0,"name":"Shaded","section":"Shading Mode"},"sceneLighting":false,"audioPlay":false,"sceneViewState":{"showFog":true,"showMaterialUpdate":false,"showSkybox":false,"showFlares":true,"showImageEffects":true,"showParticleSystems":true},"in2DMode":false,"pivot":{"x":-2.80364990234375,"y":1.26611328125,"z":0.5439453125},"rotation":{"x":0.2026357501745224,"y":0.43158799409866335,"z":-0.10014382004737854,"w":0.8733020424842835},"size":6.832674980163574,"orthographic":true}