{"cameraMode":{"drawMode":0,"name":"Shaded","section":"Shading Mode"},"sceneLighting":false,"audioPlay":false,"sceneViewState":{"showFog":true,"showMaterialUpdate":false,"showSkybox":false,"showFlares":true,"showImageEffects":true,"showParticleSystems":true},"in2DMode":false,"pivot":{"x":508.38970947265627,"y":219.8255615234375,"z":-12.4683837890625},"rotation":{"x":0.07640428841114044,"y":0.023927070200443269,"z":-0.0018452475778758526,"w":0.9968051910400391},"size":293.9817810058594,"orthographic":false}