{"cameraMode":{"drawMode":0,"name":"Shaded","section":"Shading Mode"},"sceneLighting":false,"audioPlay":false,"sceneViewState":{"showFog":true,"showMaterialUpdate":false,"showSkybox":false,"showFlares":true,"showImageEffects":true,"showParticleSystems":true},"in2DMode":false,"pivot":{"x":0.33901166915893557,"y":-5.374231815338135,"z":-40.40042495727539},"rotation":{"x":-0.00010611989273456857,"y":-0.9959814548492432,"z":0.08988114446401596,"w":-0.0012002879520878196},"size":25.75221824645996,"orthographic":false}