{"cameraMode":{"drawMode":0,"name":"Shaded","section":"Shading Mode"},"sceneLighting":false,"audioPlay":false,"sceneViewState":{"showFog":true,"showMaterialUpdate":false,"showSkybox":false,"showFlares":true,"showImageEffects":true,"showParticleSystems":true},"in2DMode":false,"pivot":{"x":507.56768798828127,"y":319.4769287109375,"z":-1.76171875},"rotation":{"x":0.008993104100227356,"y":0.03749031201004982,"z":-0.0003457875573076308,"w":0.9992750883102417},"size":383.9210510253906,"orthographic":true}