{"cameraMode":{"drawMode":0,"name":"Shaded","section":"Shading Mode"},"sceneLighting":false,"audioPlay":false,"sceneViewState":{"showFog":true,"showMaterialUpdate":false,"showSkybox":false,"showFlares":true,"showImageEffects":true,"showParticleSystems":true},"in2DMode":false,"pivot":{"x":-2.80364990234375,"y":1.26611328125,"z":0.5439453125},"rotation":{"x":0.27100688219070437,"y":-0.02021283656358719,"z":0.005691229365766048,"w":0.9623520970344544},"size":13.77025032043457,"orthographic":true}