{"cameraMode":{"drawMode":0,"name":"Shaded","section":"Shading Mode"},"sceneLighting":false,"audioPlay":false,"sceneViewState":{"showFog":true,"showMaterialUpdate":false,"showSkybox":false,"showFlares":true,"showImageEffects":true,"showParticleSystems":true},"in2DMode":false,"pivot":{"x":507.56768798828127,"y":319.4769287109375,"z":-1.76171875},"rotation":{"x":0.014797150157392025,"y":-0.9852012395858765,"z":0.12179464101791382,"w":0.11969231814146042},"size":2.268519878387451,"orthographic":true}