{"cameraMode":{"drawMode":0,"name":"Shaded","section":"Shading Mode"},"sceneLighting":true,"audioPlay":false,"sceneViewState":{"showFog":true,"showMaterialUpdate":false,"showSkybox":true,"showFlares":true,"showImageEffects":true,"showParticleSystems":true},"in2DMode":false,"pivot":{"x":-1.9344583749771119,"y":9.799073219299317,"z":-0.740757942199707},"rotation":{"x":0.33789345622062685,"y":-0.3738861382007599,"z":0.1484631597995758,"w":0.8509064316749573},"size":22.444427490234376,"orthographic":true}