{"cameraMode":{"drawMode":0,"name":"Shaded","section":"Shading Mode"},"sceneLighting":false,"audioPlay":false,"sceneViewState":{"showFog":true,"showMaterialUpdate":false,"showSkybox":false,"showFlares":true,"showImageEffects":true,"showParticleSystems":true},"in2DMode":false,"pivot":{"x":507.1171875,"y":319.515625,"z":-1.7359366416931153},"rotation":{"x":-0.005840220022946596,"y":-0.9836452603340149,"z":0.03247353062033653,"w":-0.17716893553733827},"size":2.8362784385681154,"orthographic":true}