{"cameraMode":{"drawMode":0,"name":"Shaded","section":"Shading Mode"},"sceneLighting":false,"audioPlay":false,"sceneViewState":{"showFog":true,"showMaterialUpdate":false,"showSkybox":false,"showFlares":true,"showImageEffects":true,"showParticleSystems":true},"in2DMode":false,"pivot":{"x":-0.2704887092113495,"y":0.19589567184448243,"z":-1.3053550720214844},"rotation":{"x":0.014885742217302323,"y":-0.9463896155357361,"z":0.04403604194521904,"w":0.31972232460975649},"size":2.4262547492980959,"orthographic":false}