{"cameraMode":{"drawMode":0,"name":"Shaded","section":"Shading Mode"},"sceneLighting":false,"audioPlay":false,"sceneViewState":{"showFog":true,"showMaterialUpdate":false,"showSkybox":false,"showFlares":true,"showImageEffects":true,"showParticleSystems":true},"in2DMode":false,"pivot":{"x":2.950159788131714,"y":-0.4602469801902771,"z":-0.09151206165552139},"rotation":{"x":0.0039556436240673069,"y":-0.9719262719154358,"z":0.23475854098796845,"w":0.016323091462254525},"size":1.2247449159622193,"orthographic":false}