{"cameraMode":{"drawMode":0,"name":"Shaded","section":"Shading Mode"},"sceneLighting":false,"audioPlay":false,"sceneViewState":{"showFog":true,"showMaterialUpdate":false,"showSkybox":false,"showFlares":true,"showImageEffects":true,"showParticleSystems":true},"in2DMode":false,"pivot":{"x":-281.037841796875,"y":397.611083984375,"z":-280.16851806640627},"rotation":{"x":0.16983626782894135,"y":0.5819729566574097,"z":-0.1258694976568222,"w":0.7852573990821838},"size":1.4927241802215577,"orthographic":true}