{"cameraMode":{"drawMode":0,"name":"Shaded","section":"Shading Mode"},"sceneLighting":true,"audioPlay":false,"sceneViewState":{"showFog":true,"showMaterialUpdate":false,"showSkybox":true,"showFlares":true,"showImageEffects":true,"showParticleSystems":true},"in2DMode":false,"pivot":{"x":102.6558609008789,"y":3.084134817123413,"z":71.95367431640625},"rotation":{"x":0.1999524086713791,"y":0.45423054695129397,"z":-0.10539735853672028,"w":0.8617335557937622},"size":50.948768615722659,"orthographic":true}