{"cameraMode":{"drawMode":0,"name":"Shaded","section":"Shading Mode"},"sceneLighting":false,"audioPlay":false,"sceneViewState":{"showFog":true,"showMaterialUpdate":false,"showSkybox":false,"showFlares":true,"showImageEffects":true,"showParticleSystems":true},"in2DMode":false,"pivot":{"x":-34.61082458496094,"y":-3.7914180755615236,"z":19.9556941986084},"rotation":{"x":0.041320230811834338,"y":-0.6425334811210632,"z":0.034726954996585849,"w":0.7643905878067017},"size":35.055240631103519,"orthographic":false}