{"cameraMode":{"drawMode":0,"name":"Shaded","section":"Shading Mode"},"sceneLighting":true,"audioPlay":false,"sceneViewState":{"showFog":true,"showMaterialUpdate":false,"showSkybox":true,"showFlares":true,"showImageEffects":true,"showParticleSystems":true},"in2DMode":false,"pivot":{"x":62.138084411621097,"y":20.31426429748535,"z":-243.83035278320313},"rotation":{"x":0.3292962908744812,"y":0.32329636812210085,"z":-0.12113639712333679,"w":0.8788472414016724},"size":125.28368377685547,"orthographic":false}