{"cameraMode":{"drawMode":0,"name":"Shaded","section":"Shading Mode"},"sceneLighting":false,"audioPlay":false,"sceneViewState":{"showFog":true,"showMaterialUpdate":false,"showSkybox":false,"showFlares":true,"showImageEffects":true,"showParticleSystems":true},"in2DMode":false,"pivot":{"x":309.609375,"y":158.9390106201172,"z":-1.4199609370268984e-12},"rotation":{"x":0.07294623553752899,"y":-0.5819326639175415,"z":0.05250947177410126,"w":0.8082777857780457},"size":418.3825378417969,"orthographic":true}