{"cameraMode":{"drawMode":0,"name":"Shaded","section":"Shading Mode"},"sceneLighting":true,"audioPlay":false,"sceneViewState":{"showFog":true,"showMaterialUpdate":false,"showSkybox":true,"showFlares":true,"showImageEffects":true,"showParticleSystems":true},"in2DMode":false,"pivot":{"x":589.5773315429688,"y":599.40087890625,"z":61.16302490234375},"rotation":{"x":-0.09606079757213593,"y":-0.045359089970588687,"z":0.004394779447466135,"w":-0.9943362474441528},"size":463.682373046875,"orthographic":false}